DoctorID,DoctorName,Specialization,DoctorContact
1,Shell,Infectious disease,Shell@yopmail.com
2,Regina,Oncologist,Regina@yopmail.com
3,Sissy,Otolaryngologists,Sissy@yopmail.com
4,Celestyna,Cardiology,Celestyna@yopmail.com
5,Thalia,Emergency Medicine,Thalia@yopmail.com
6,Brynna,Surgery,Brynna@yopmail.com
7,Maye,Pulmonologists,Maye@yopmail.com
8,Concettina,Hospice and Palliative Care,Concettina@yopmail.com
9,Minda,Anesthesiology,Minda@yopmail.com
10,Charissa,Nephrology,Charissa@yopmail.com
11,Lanae,Neurology,Lanae@yopmail.com
12,Ida,Oncologist,Ida@yopmail.com
13,Constance,Otolaryngologists,Constance@yopmail.com
14,Karena,Otolaryngologists,Karena@yopmail.com
15,Tabbatha,Anesthesiology,Tabbatha@yopmail.com
16,Lanna,Radiology,Lanna@yopmail.com
17,Lucille,Dermatology,Lucille@yopmail.com
18,Calla,Dermatology,Calla@yopmail.com
19,Jacenta,Radiology,Jacenta@yopmail.com
20,Shaine,Anesthesiology,Shaine@yopmail.com
21,Edee,Geriatrician,Edee@yopmail.com
22,Misha,Endocrinologist,Misha@yopmail.com
23,Hope,Emergency Medicine,Hope@yopmail.com
24,Lilith,Allergists,Lilith@yopmail.com
25,Corina,Pulmonologists,Corina@yopmail.com
26,Ernesta,Psychiatry,Ernesta@yopmail.com
27,Asia,Internists,Asia@yopmail.com
28,Sonni,Surgery,Sonni@yopmail.com
29,Morganica,Pediatrics,Morganica@yopmail.com
30,Nariko,Internists,Nariko@yopmail.com
31,Sherrie,Infectious disease,Sherrie@yopmail.com
32,Brandise,Internists,Brandise@yopmail.com
33,Georgina,Geriatrician,Georgina@yopmail.com
34,Beatriz,Allergists,Beatriz@yopmail.com
35,Jere,Neurology,Jere@yopmail.com
36,Iseabal,Gastroenterology,Iseabal@yopmail.com
37,Paola,Infectious disease,Paola@yopmail.com
38,Gretal,Emergency Medicine,Gretal@yopmail.com
39,Luci,Emergency Medicine,Luci@yopmail.com
40,Gloria,Geriatrician,Gloria@yopmail.com
41,Nelle,Endocrinologist,Nelle@yopmail.com
42,Asia,Otolaryngologists,Asia@yopmail.com
43,Catrina,Obstetric Anesthesiologists,Catrina@yopmail.com
44,Misha,Anesthesiology,Misha@yopmail.com
45,Lorne,Neurology,Lorne@yopmail.com
46,Hermione,Pulmonologists,Hermione@yopmail.com
47,Moyna,Surgery,Moyna@yopmail.com
48,Estell,Otolaryngologists,Estell@yopmail.com
49,Nikki,Oncologist,Nikki@yopmail.com
50,Karly,Emergency Medicine,Karly@yopmail.com
51,Jinny,Infectious disease,Jinny@yopmail.com
52,Karena,Internists,Karena@yopmail.com
53,Shauna,Psychiatry,Shauna@yopmail.com
54,Monika,Psychiatry,Monika@yopmail.com
55,Berta,Cardiology,Berta@yopmail.com
56,Cristabel,Cardiology,Cristabel@yopmail.com
57,Hollie,Anesthesiology,Hollie@yopmail.com
58,Flo,Geriatrician,Flo@yopmail.com
59,Annabela,Oncologist,Annabela@yopmail.com
60,Verla,Otolaryngologists,Verla@yopmail.com
61,Marjie,Endocrinologist,Marjie@yopmail.com
62,Tamqrah,Radiology,Tamqrah@yopmail.com
63,Chrystel,Otolaryngologists,Chrystel@yopmail.com
64,Delilah,Ophthalmology,Delilah@yopmail.com
65,Leeanne,Pulmonologists,Leeanne@yopmail.com
66,Elka,Hospice and Palliative Care,Elka@yopmail.com
67,Chere,Nephrology,Chere@yopmail.com
68,Jere,Neurology,Jere@yopmail.com
69,Karlee,Critical Care Medicine,Karlee@yopmail.com
70,Carree,Allergists,Carree@yopmail.com
71,Lorie,Critical Care Medicine,Lorie@yopmail.com
72,Shell,Gastroenterology,Shell@yopmail.com
73,Phedra,Surgery,Phedra@yopmail.com
74,Brynna,Cardiology,Brynna@yopmail.com
75,Alejandra,Endocrinologist,Alejandra@yopmail.com
76,Dione,Psychiatry,Dione@yopmail.com
77,Brana,Dermatology,Brana@yopmail.com
78,Krystle,Pediatrics,Krystle@yopmail.com
79,Helsa,Emergency Medicine,Helsa@yopmail.com
80,Atlanta,Infectious disease,Atlanta@yopmail.com
81,Johna,Obstetric Anesthesiologists,Johna@yopmail.com
82,Aurore,Gastroenterology,Aurore@yopmail.com
83,Rosene,Obstetric Anesthesiologists,Rosene@yopmail.com
84,Jenilee,Internists,Jenilee@yopmail.com
85,Mellicent,Otolaryngologists,Mellicent@yopmail.com
86,Hallie,Neurology,Hallie@yopmail.com
87,Annabela,Oncologist,Annabela@yopmail.com
88,Shaylyn,Radiology,Shaylyn@yopmail.com
89,Allis,Endocrinologist,Allis@yopmail.com
90,Cassandra,Pulmonologists,Cassandra@yopmail.com
91,Mariele,Neurology,Mariele@yopmail.com
92,Jillayne,Allergists,Jillayne@yopmail.com
93,Louella,Cardiology,Louella@yopmail.com
94,Sidoney,Hospice and Palliative Care,Sidoney@yopmail.com
95,Ninnetta,Pediatrics,Ninnetta@yopmail.com
96,Arabel,Oncologist,Arabel@yopmail.com
97,Melodie,Oncologist,Melodie@yopmail.com
98,Frank,Endocrinologist,Frank@yopmail.com
99,Millie,Neurology,Millie@yopmail.com
100,Brooks,Allergists,Brooks@yopmail.com
101,Nerta,Otolaryngologists,Nerta@yopmail.com
102,Jinny,Neurology,Jinny@yopmail.com
103,Vere,Allergists,Vere@yopmail.com
104,Hope,Pediatrics,Hope@yopmail.com
105,Barbi,Surgery,Barbi@yopmail.com
106,Yolane,Ophthalmology,Yolane@yopmail.com
107,Kellen,Nephrology,Kellen@yopmail.com
108,Joeann,Cardiology,Joeann@yopmail.com
109,Ketti,Oncologist,Ketti@yopmail.com
110,Carmela,Anesthesiology,Carmela@yopmail.com
111,Quintina,Oncologist,Quintina@yopmail.com
112,Claudina,Infectious disease,Claudina@yopmail.com
113,Sissy,Pediatrics,Sissy@yopmail.com
114,Morganica,Nephrology,Morganica@yopmail.com
115,Maud,Cardiology,Maud@yopmail.com
116,Dominga,Radiology,Dominga@yopmail.com
117,Robbi,Dermatology,Robbi@yopmail.com
118,Orelia,Radiology,Orelia@yopmail.com
119,Charissa,Internists,Charissa@yopmail.com
120,Cacilie,Emergency Medicine,Cacilie@yopmail.com
121,Beverley,Endocrinologist,Beverley@yopmail.com
122,Arlina,Radiology,Arlina@yopmail.com
123,Debee,Otolaryngologists,Debee@yopmail.com
124,Brooks,Dermatology,Brooks@yopmail.com
125,Lilith,Dermatology,Lilith@yopmail.com
126,Katharina,Anesthesiology,Katharina@yopmail.com
127,Adele,Cardiology,Adele@yopmail.com
128,Joeann,Otolaryngologists,Joeann@yopmail.com
129,Oona,Pediatrics,Oona@yopmail.com
130,Tera,Otolaryngologists,Tera@yopmail.com
131,Kial,Allergists,Kial@yopmail.com
132,Anallese,Endocrinologist,Anallese@yopmail.com
133,Raf,Family Medicine,Raf@yopmail.com
134,Fredericka,Internists,Fredericka@yopmail.com
135,Katleen,Ophthalmology,Katleen@yopmail.com
136,Rani,Radiology,Rani@yopmail.com
137,Britni,Oncologist,Britni@yopmail.com
138,Aurelie,Nephrology,Aurelie@yopmail.com
139,Calla,Gastroenterology,Calla@yopmail.com
140,Maryellen,Endocrinologist,Maryellen@yopmail.com
141,Di,Pulmonologists,Di@yopmail.com
142,Teriann,Psychiatry,Teriann@yopmail.com
143,Elie,Ophthalmology,Elie@yopmail.com
144,Mildrid,Oncologist,Mildrid@yopmail.com
145,Cathyleen,Family Medicine,Cathyleen@yopmail.com
146,Alex,Pediatrics,Alex@yopmail.com
147,Shandie,Radiology,Shandie@yopmail.com
148,Aeriela,Otolaryngologists,Aeriela@yopmail.com
149,Minne,Critical Care Medicine,Minne@yopmail.com
150,Etta,Family Medicine,Etta@yopmail.com
151,Ernesta,Nephrology,Ernesta@yopmail.com
152,Leontine,Surgery,Leontine@yopmail.com
153,Ivett,Infectious disease,Ivett@yopmail.com
154,Micheline,Ophthalmology,Micheline@yopmail.com
155,Modestia,Anesthesiology,Modestia@yopmail.com
156,Valli,Neurology,Valli@yopmail.com
157,Lynnea,Internists,Lynnea@yopmail.com
158,Orsola,Oncologist,Orsola@yopmail.com
159,Eugine,Gastroenterology,Eugine@yopmail.com
160,Molli,Anesthesiology,Molli@yopmail.com
161,Ottilie,Otolaryngologists,Ottilie@yopmail.com
162,Lorie,Neurology,Lorie@yopmail.com
163,Mariann,Radiology,Mariann@yopmail.com
164,Inga,Hospice and Palliative Care,Inga@yopmail.com
165,Harmonia,Infectious disease,Harmonia@yopmail.com
166,Roslyn,Surgery,Roslyn@yopmail.com
167,Marti,Pulmonologists,Marti@yopmail.com
168,Merry,Pulmonologists,Merry@yopmail.com
169,Lenna,Pediatrics,Lenna@yopmail.com
170,Morganica,Radiology,Morganica@yopmail.com
171,Charissa,Geriatrician,Charissa@yopmail.com
172,Ulrike,Infectious disease,Ulrike@yopmail.com
173,Merci,Allergists,Merci@yopmail.com
174,Micheline,Otolaryngologists,Micheline@yopmail.com
175,Noelle,Gastroenterology,Noelle@yopmail.com
176,Karlee,Anesthesiology,Karlee@yopmail.com
177,Georgetta,Infectious disease,Georgetta@yopmail.com
178,Moyna,Pulmonologists,Moyna@yopmail.com
179,Frank,Critical Care Medicine,Frank@yopmail.com
180,Bernardine,Otolaryngologists,Bernardine@yopmail.com
181,Marcelline,Psychiatry,Marcelline@yopmail.com
182,Talya,Otolaryngologists,Talya@yopmail.com
183,Alex,Dermatology,Alex@yopmail.com
184,Trudie,Cardiology,Trudie@yopmail.com
185,Phedra,Dermatology,Phedra@yopmail.com
186,Molli,Allergists,Molli@yopmail.com
187,Mellicent,Infectious disease,Mellicent@yopmail.com
188,Christal,Pulmonologists,Christal@yopmail.com
189,Mahalia,Surgery,Mahalia@yopmail.com
190,Alyssa,Emergency Medicine,Alyssa@yopmail.com
191,Dorthy,Gastroenterology,Dorthy@yopmail.com
192,Merrie,Ophthalmology,Merrie@yopmail.com
193,Taffy,Neurology,Taffy@yopmail.com
194,Jean,Ophthalmology,Jean@yopmail.com
195,Florencia,Oncologist,Florencia@yopmail.com
196,Nanete,Oncologist,Nanete@yopmail.com
197,Carilyn,Otolaryngologists,Carilyn@yopmail.com
198,Chastity,Radiology,Chastity@yopmail.com
199,Grier,Dermatology,Grier@yopmail.com
200,Rozele,Neurology,Rozele@yopmail.com
201,Karly,Internists,Karly@yopmail.com
202,Dulcinea,Dermatology,Dulcinea@yopmail.com
203,Brianna,Dermatology,Brianna@yopmail.com
204,Margalo,Otolaryngologists,Margalo@yopmail.com
205,Bernie,Anesthesiology,Bernie@yopmail.com
206,Dacia,Gastroenterology,Dacia@yopmail.com
207,Max,Dermatology,Max@yopmail.com
208,Agnese,Pediatrics,Agnese@yopmail.com
209,Yvonne,Radiology,Yvonne@yopmail.com
210,Corina,Otolaryngologists,Corina@yopmail.com
211,Candi,Critical Care Medicine,Candi@yopmail.com
212,Emma,Emergency Medicine,Emma@yopmail.com
213,Hallie,Allergists,Hallie@yopmail.com
214,Nanete,Hospice and Palliative Care,Nanete@yopmail.com
215,Pierette,Pediatrics,Pierette@yopmail.com
216,Deane,Anesthesiology,Deane@yopmail.com
217,Gabi,Nephrology,Gabi@yopmail.com
218,Misha,Oncologist,Misha@yopmail.com
219,Madeleine,Critical Care Medicine,Madeleine@yopmail.com
220,Dorene,Nephrology,Dorene@yopmail.com
221,Dennie,Obstetric Anesthesiologists,Dennie@yopmail.com
222,Genevra,Oncologist,Genevra@yopmail.com
223,Philis,Internists,Philis@yopmail.com
224,Dania,Infectious disease,Dania@yopmail.com
225,Sybille,Infectious disease,Sybille@yopmail.com
226,Joleen,Gastroenterology,Joleen@yopmail.com
227,Talya,Emergency Medicine,Talya@yopmail.com
228,Desirae,Gastroenterology,Desirae@yopmail.com
229,Tilly,Cardiology,Tilly@yopmail.com
230,Vanessa,Gastroenterology,Vanessa@yopmail.com
231,Hettie,Allergists,Hettie@yopmail.com
232,Daune,Ophthalmology,Daune@yopmail.com
233,Valli,Radiology,Valli@yopmail.com
234,Aili,Otolaryngologists,Aili@yopmail.com
235,Cherilyn,Oncologist,Cherilyn@yopmail.com
236,Krystle,Obstetric Anesthesiologists,Krystle@yopmail.com
237,Andeee,Ophthalmology,Andeee@yopmail.com
238,Steffane,Nephrology,Steffane@yopmail.com
239,Corina,Nephrology,Corina@yopmail.com
240,Corry,Geriatrician,Corry@yopmail.com
241,Flo,Radiology,Flo@yopmail.com
242,Lynea,Emergency Medicine,Lynea@yopmail.com
243,Taffy,Otolaryngologists,Taffy@yopmail.com
244,Melina,Emergency Medicine,Melina@yopmail.com
245,Henriette,Cardiology,Henriette@yopmail.com
246,Jessy,Oncologist,Jessy@yopmail.com
247,Jolyn,Gastroenterology,Jolyn@yopmail.com
248,Gianina,Obstetric Anesthesiologists,Gianina@yopmail.com
249,Farrah,Geriatrician,Farrah@yopmail.com
250,Minda,Obstetric Anesthesiologists,Minda@yopmail.com
251,Joane,Neurology,Joane@yopmail.com
252,Carree,Geriatrician,Carree@yopmail.com
253,Livvyy,Infectious disease,Livvyy@yopmail.com
254,Siana,Oncologist,Siana@yopmail.com
255,Heddie,Psychiatry,Heddie@yopmail.com
256,Charlena,Critical Care Medicine,Charlena@yopmail.com
257,Minne,Dermatology,Minne@yopmail.com
258,Candi,Oncologist,Candi@yopmail.com
259,Dominga,Pulmonologists,Dominga@yopmail.com
260,Tina,Otolaryngologists,Tina@yopmail.com
261,Nannie,Oncologist,Nannie@yopmail.com
262,Nerta,Internists,Nerta@yopmail.com
263,Emmey,Oncologist,Emmey@yopmail.com
264,Fanchon,Pediatrics,Fanchon@yopmail.com
265,Jessamyn,Infectious disease,Jessamyn@yopmail.com
266,Jacquetta,Ophthalmology,Jacquetta@yopmail.com
267,Rosene,Psychiatry,Rosene@yopmail.com
268,Laure,Radiology,Laure@yopmail.com
269,Ermengarde,Oncologist,Ermengarde@yopmail.com
270,Goldie,Ophthalmology,Goldie@yopmail.com
271,Karolina,Internists,Karolina@yopmail.com
272,Gisela,Endocrinologist,Gisela@yopmail.com
273,Cathyleen,Emergency Medicine,Cathyleen@yopmail.com
274,Adelle,Internists,Adelle@yopmail.com
275,Shirlee,Pulmonologists,Shirlee@yopmail.com
276,Carmencita,Psychiatry,Carmencita@yopmail.com
277,Romona,Surgery,Romona@yopmail.com
278,Linet,Gastroenterology,Linet@yopmail.com
279,Heddie,Family Medicine,Heddie@yopmail.com
280,Nyssa,Internists,Nyssa@yopmail.com
281,Doro,Obstetric Anesthesiologists,Doro@yopmail.com
282,Catrina,Endocrinologist,Catrina@yopmail.com
283,Basia,Allergists,Basia@yopmail.com
284,Hope,Anesthesiology,Hope@yopmail.com
285,Averyl,Dermatology,Averyl@yopmail.com
286,Randa,Dermatology,Randa@yopmail.com
287,Emmey,Endocrinologist,Emmey@yopmail.com
288,Elise,Dermatology,Elise@yopmail.com
289,Roz,Hospice and Palliative Care,Roz@yopmail.com
290,Hallie,Pediatrics,Hallie@yopmail.com
291,Max,Family Medicine,Max@yopmail.com
292,Wendi,Otolaryngologists,Wendi@yopmail.com
293,Nicoli,Oncologist,Nicoli@yopmail.com
294,Annora,Gastroenterology,Annora@yopmail.com
295,Peri,Internists,Peri@yopmail.com
296,Melisent,Emergency Medicine,Melisent@yopmail.com
297,Ninnetta,Ophthalmology,Ninnetta@yopmail.com
298,Rubie,Infectious disease,Rubie@yopmail.com
299,Ronna,Infectious disease,Ronna@yopmail.com
300,Estell,Emergency Medicine,Estell@yopmail.com
301,Daryl,Surgery,Daryl@yopmail.com
302,Leanna,Internists,Leanna@yopmail.com
303,Nanete,Family Medicine,Nanete@yopmail.com
304,Tybie,Obstetric Anesthesiologists,Tybie@yopmail.com
305,Fina,Pulmonologists,Fina@yopmail.com
306,Brooks,Oncologist,Brooks@yopmail.com
307,Beth,Geriatrician,Beth@yopmail.com
308,Minda,Infectious disease,Minda@yopmail.com
309,Flory,Nephrology,Flory@yopmail.com
310,Marnia,Psychiatry,Marnia@yopmail.com
311,Elora,Pulmonologists,Elora@yopmail.com
312,Aimil,Dermatology,Aimil@yopmail.com
313,Mildrid,Infectious disease,Mildrid@yopmail.com
314,Nanete,Pediatrics,Nanete@yopmail.com
315,Ada,Pulmonologists,Ada@yopmail.com
316,Mireielle,Allergists,Mireielle@yopmail.com
317,Mariann,Neurology,Mariann@yopmail.com
318,Ernesta,Cardiology,Ernesta@yopmail.com
319,Orelia,Gastroenterology,Orelia@yopmail.com
320,Sara-Ann,Pediatrics,Sara-Ann@yopmail.com
321,Ketti,Otolaryngologists,Ketti@yopmail.com
322,Sue,Critical Care Medicine,Sue@yopmail.com
323,Cyb,Hospice and Palliative Care,Cyb@yopmail.com
324,Carmela,Family Medicine,Carmela@yopmail.com
325,Sashenka,Pediatrics,Sashenka@yopmail.com
326,Letizia,Infectious disease,Letizia@yopmail.com
327,Cristabel,Oncologist,Cristabel@yopmail.com
328,Quintina,Anesthesiology,Quintina@yopmail.com
329,Katleen,Nephrology,Katleen@yopmail.com
330,Britte,Pulmonologists,Britte@yopmail.com
331,Julieta,Allergists,Julieta@yopmail.com
332,Juliane,Nephrology,Juliane@yopmail.com
333,Cyndie,Pediatrics,Cyndie@yopmail.com
334,Gertrud,Hospice and Palliative Care,Gertrud@yopmail.com
335,Jobi,Surgery,Jobi@yopmail.com
336,Florie,Surgery,Florie@yopmail.com
337,Genovera,Psychiatry,Genovera@yopmail.com
338,Chickie,Cardiology,Chickie@yopmail.com
339,Robbi,Allergists,Robbi@yopmail.com
340,Danika,Ophthalmology,Danika@yopmail.com
341,Evita,Family Medicine,Evita@yopmail.com
342,Hollie,Cardiology,Hollie@yopmail.com
343,Madeleine,Anesthesiology,Madeleine@yopmail.com
344,Fawne,Ophthalmology,Fawne@yopmail.com
345,Tressa,Geriatrician,Tressa@yopmail.com
346,Kimmy,Gastroenterology,Kimmy@yopmail.com
347,Gerianna,Neurology,Gerianna@yopmail.com
348,Lanae,Obstetric Anesthesiologists,Lanae@yopmail.com
349,Netty,Obstetric Anesthesiologists,Netty@yopmail.com
350,Meriel,Radiology,Meriel@yopmail.com
351,Clementine,Cardiology,Clementine@yopmail.com
352,Leeanne,Radiology,Leeanne@yopmail.com
353,Nikki,Oncologist,Nikki@yopmail.com
354,Ann-Marie,Dermatology,Ann-Marie@yopmail.com
355,Talya,Radiology,Talya@yopmail.com
356,Addia,Nephrology,Addia@yopmail.com
357,Loree,Critical Care Medicine,Loree@yopmail.com
358,Laurene,Ophthalmology,Laurene@yopmail.com
359,Sashenka,Pediatrics,Sashenka@yopmail.com
360,Quintina,Anesthesiology,Quintina@yopmail.com
361,Carolina,Neurology,Carolina@yopmail.com
362,Dyann,Cardiology,Dyann@yopmail.com
363,Christal,Neurology,Christal@yopmail.com
364,Charissa,Oncologist,Charissa@yopmail.com
365,Zia,Family Medicine,Zia@yopmail.com
366,Misha,Pediatrics,Misha@yopmail.com
367,Margette,Cardiology,Margette@yopmail.com
368,Marinna,Ophthalmology,Marinna@yopmail.com
369,Jinny,Surgery,Jinny@yopmail.com
370,Tomasina,Psychiatry,Tomasina@yopmail.com
371,Ingrid,Psychiatry,Ingrid@yopmail.com
372,Nataline,Family Medicine,Nataline@yopmail.com
373,Mady,Family Medicine,Mady@yopmail.com
374,Harmonia,Emergency Medicine,Harmonia@yopmail.com
375,Anestassia,Family Medicine,Anestassia@yopmail.com
376,Marylou,Oncologist,Marylou@yopmail.com
377,Shell,Critical Care Medicine,Shell@yopmail.com
378,Katuscha,Dermatology,Katuscha@yopmail.com
379,Gilda,Dermatology,Gilda@yopmail.com
380,Joeann,Radiology,Joeann@yopmail.com
381,Charissa,Hospice and Palliative Care,Charissa@yopmail.com
382,Dede,Nephrology,Dede@yopmail.com
383,Cherrita,Neurology,Cherrita@yopmail.com
384,Briney,Obstetric Anesthesiologists,Briney@yopmail.com
385,Dione,Gastroenterology,Dione@yopmail.com
386,Ebonee,Anesthesiology,Ebonee@yopmail.com
387,Monika,Infectious disease,Monika@yopmail.com
388,Kirbee,Allergists,Kirbee@yopmail.com
389,Marsiella,Critical Care Medicine,Marsiella@yopmail.com
390,Vivia,Geriatrician,Vivia@yopmail.com
391,Frank,Obstetric Anesthesiologists,Frank@yopmail.com
392,Sam,Obstetric Anesthesiologists,Sam@yopmail.com
393,Kerrin,Geriatrician,Kerrin@yopmail.com
394,Maurene,Ophthalmology,Maurene@yopmail.com
395,Cyb,Ophthalmology,Cyb@yopmail.com
396,Cyndie,Allergists,Cyndie@yopmail.com
397,Ardeen,Pulmonologists,Ardeen@yopmail.com
398,Nadine,Pediatrics,Nadine@yopmail.com
399,Karly,Psychiatry,Karly@yopmail.com
400,Quintina,Oncologist,Quintina@yopmail.com
401,Gerrie,Otolaryngologists,Gerrie@yopmail.com
402,Yolane,Emergency Medicine,Yolane@yopmail.com
403,Paule,Family Medicine,Paule@yopmail.com
404,Ada,Ophthalmology,Ada@yopmail.com
405,Sissy,Pediatrics,Sissy@yopmail.com
406,Gilligan,Surgery,Gilligan@yopmail.com
407,Emylee,Critical Care Medicine,Emylee@yopmail.com
408,Ekaterina,Infectious disease,Ekaterina@yopmail.com
409,Tiffie,Endocrinologist,Tiffie@yopmail.com
410,Laurene,Ophthalmology,Laurene@yopmail.com
411,Zia,Emergency Medicine,Zia@yopmail.com
412,Liana,Gastroenterology,Liana@yopmail.com
413,Dyann,Hospice and Palliative Care,Dyann@yopmail.com
414,Dennie,Internists,Dennie@yopmail.com
415,Kathy,Pediatrics,Kathy@yopmail.com
416,Shauna,Surgery,Shauna@yopmail.com
417,Fredericka,Surgery,Fredericka@yopmail.com
418,Mildrid,Geriatrician,Mildrid@yopmail.com
419,Elena,Allergists,Elena@yopmail.com
420,Betta,Anesthesiology,Betta@yopmail.com
421,Gwyneth,Neurology,Gwyneth@yopmail.com
422,Moyna,Cardiology,Moyna@yopmail.com
423,Zsa Zsa,Ophthalmology,Zsa Zsa@yopmail.com
424,Kate,Pulmonologists,Kate@yopmail.com
425,Harmonia,Nephrology,Harmonia@yopmail.com
426,Hayley,Pediatrics,Hayley@yopmail.com
427,Nita,Gastroenterology,Nita@yopmail.com
428,Kylynn,Allergists,Kylynn@yopmail.com
429,Aurelie,Surgery,Aurelie@yopmail.com
430,Wanda,Ophthalmology,Wanda@yopmail.com
431,Doralynne,Hospice and Palliative Care,Doralynne@yopmail.com
432,Moyna,Critical Care Medicine,Moyna@yopmail.com
433,Rosaline,Pulmonologists,Rosaline@yopmail.com
434,Dacia,Endocrinologist,Dacia@yopmail.com
435,Kaia,Ophthalmology,Kaia@yopmail.com
436,Veda,Ophthalmology,Veda@yopmail.com
437,Giustina,Gastroenterology,Giustina@yopmail.com
438,Joeann,Obstetric Anesthesiologists,Joeann@yopmail.com
439,Brietta,Pediatrics,Brietta@yopmail.com
440,Georgetta,Internists,Georgetta@yopmail.com
441,Teriann,Hospice and Palliative Care,Teriann@yopmail.com
442,Shaine,Anesthesiology,Shaine@yopmail.com
443,Gilligan,Gastroenterology,Gilligan@yopmail.com
444,Lila,Family Medicine,Lila@yopmail.com
445,Doro,Obstetric Anesthesiologists,Doro@yopmail.com
446,Patricia,Family Medicine,Patricia@yopmail.com
447,Adore,Neurology,Adore@yopmail.com
448,Romona,Pediatrics,Romona@yopmail.com
449,Alleen,Pulmonologists,Alleen@yopmail.com
450,Aeriela,Gastroenterology,Aeriela@yopmail.com
451,Rhea,Endocrinologist,Rhea@yopmail.com
452,Zia,Dermatology,Zia@yopmail.com
453,Frieda,Internists,Frieda@yopmail.com
454,Andeee,Endocrinologist,Andeee@yopmail.com
455,Rozele,Critical Care Medicine,Rozele@yopmail.com
456,Brandise,Cardiology,Brandise@yopmail.com
457,Ida,Infectious disease,Ida@yopmail.com
458,Carlie,Ophthalmology,Carlie@yopmail.com
459,Vevay,Emergency Medicine,Vevay@yopmail.com
460,Emelina,Critical Care Medicine,Emelina@yopmail.com
461,Willetta,Gastroenterology,Willetta@yopmail.com
462,Aaren,Critical Care Medicine,Aaren@yopmail.com
463,Nonnah,Hospice and Palliative Care,Nonnah@yopmail.com
464,Jobi,Gastroenterology,Jobi@yopmail.com
465,Tami,Allergists,Tami@yopmail.com
466,Shel,Hospice and Palliative Care,Shel@yopmail.com
467,Hildegaard,Surgery,Hildegaard@yopmail.com
468,Laurene,Oncologist,Laurene@yopmail.com
469,Viviene,Gastroenterology,Viviene@yopmail.com
470,Kary,Internists,Kary@yopmail.com
471,Maisey,Obstetric Anesthesiologists,Maisey@yopmail.com
472,Marleah,Gastroenterology,Marleah@yopmail.com
473,Sashenka,Radiology,Sashenka@yopmail.com
474,Starla,Neurology,Starla@yopmail.com
475,Karena,Neurology,Karena@yopmail.com
476,Joelly,Ophthalmology,Joelly@yopmail.com
477,Livvyy,Cardiology,Livvyy@yopmail.com
478,Dagmar,Internists,Dagmar@yopmail.com
479,Emelina,Family Medicine,Emelina@yopmail.com
480,Jenilee,Internists,Jenilee@yopmail.com
481,June,Emergency Medicine,June@yopmail.com
482,Hermione,Radiology,Hermione@yopmail.com
483,Marita,Infectious disease,Marita@yopmail.com
484,Randa,Dermatology,Randa@yopmail.com
485,Glynnis,Infectious disease,Glynnis@yopmail.com
486,Carlie,Dermatology,Carlie@yopmail.com
487,Cyndie,Dermatology,Cyndie@yopmail.com
488,Lolita,Family Medicine,Lolita@yopmail.com
489,Agnese,Gastroenterology,Agnese@yopmail.com
490,Merry,Internists,Merry@yopmail.com
491,Kelly,Ophthalmology,Kelly@yopmail.com
492,Marguerite,Gastroenterology,Marguerite@yopmail.com
493,Robinia,Cardiology,Robinia@yopmail.com
494,Jolyn,Infectious disease,Jolyn@yopmail.com
495,Catrina,Pulmonologists,Catrina@yopmail.com
496,Emilia,Pediatrics,Emilia@yopmail.com
497,Leanna,Anesthesiology,Leanna@yopmail.com
498,Sandie,Infectious disease,Sandie@yopmail.com
499,Ana,Allergists,Ana@yopmail.com
500,Mariele,Anesthesiology,Mariele@yopmail.com
501,Margalo,Infectious disease,Margalo@yopmail.com
502,Albertina,Emergency Medicine,Albertina@yopmail.com
503,Max,Infectious disease,Max@yopmail.com
504,Wileen,Surgery,Wileen@yopmail.com
505,Harrietta,Anesthesiology,Harrietta@yopmail.com
506,Florie,Family Medicine,Florie@yopmail.com
507,Janenna,Radiology,Janenna@yopmail.com
508,Kylynn,Gastroenterology,Kylynn@yopmail.com
509,Leanna,Pulmonologists,Leanna@yopmail.com
510,Lanna,Neurology,Lanna@yopmail.com
511,Sheelagh,Infectious disease,Sheelagh@yopmail.com
512,Morganica,Allergists,Morganica@yopmail.com
513,Minda,Internists,Minda@yopmail.com
514,Mahalia,Allergists,Mahalia@yopmail.com
515,Nollie,Anesthesiology,Nollie@yopmail.com
516,Roberta,Obstetric Anesthesiologists,Roberta@yopmail.com
517,Constance,Geriatrician,Constance@yopmail.com
518,Konstance,Gastroenterology,Konstance@yopmail.com
519,Nessie,Neurology,Nessie@yopmail.com
520,Marnia,Anesthesiology,Marnia@yopmail.com
521,Netty,Anesthesiology,Netty@yopmail.com
522,Tori,Oncologist,Tori@yopmail.com
523,Gusty,Radiology,Gusty@yopmail.com
524,Kristina,Internists,Kristina@yopmail.com
525,Carolina,Pulmonologists,Carolina@yopmail.com
526,Jeanna,Obstetric Anesthesiologists,Jeanna@yopmail.com
527,Aubrie,Neurology,Aubrie@yopmail.com
528,Ellette,Internists,Ellette@yopmail.com
529,Imojean,Infectious disease,Imojean@yopmail.com
530,Mureil,Infectious disease,Mureil@yopmail.com
531,Lita,Ophthalmology,Lita@yopmail.com
532,Lesly,Ophthalmology,Lesly@yopmail.com
533,Jenda,Family Medicine,Jenda@yopmail.com
534,Magdalena,Obstetric Anesthesiologists,Magdalena@yopmail.com
535,Shaylyn,Ophthalmology,Shaylyn@yopmail.com
536,Jaclyn,Otolaryngologists,Jaclyn@yopmail.com
537,Wynne,Infectious disease,Wynne@yopmail.com
538,Arlina,Pediatrics,Arlina@yopmail.com
539,Tani,Emergency Medicine,Tani@yopmail.com
540,Dyann,Radiology,Dyann@yopmail.com
541,Sheree,Neurology,Sheree@yopmail.com
542,Michaelina,Neurology,Michaelina@yopmail.com
543,Petronia,Anesthesiology,Petronia@yopmail.com
544,Margarette,Psychiatry,Margarette@yopmail.com
545,Laurene,Pulmonologists,Laurene@yopmail.com
546,Dode,Obstetric Anesthesiologists,Dode@yopmail.com
547,Dominga,Critical Care Medicine,Dominga@yopmail.com
548,Max,Otolaryngologists,Max@yopmail.com
549,Ursulina,Nephrology,Ursulina@yopmail.com
550,Asia,Dermatology,Asia@yopmail.com
551,Ronna,Endocrinologist,Ronna@yopmail.com
552,Krystle,Nephrology,Krystle@yopmail.com
553,Vanessa,Otolaryngologists,Vanessa@yopmail.com
554,Randa,Critical Care Medicine,Randa@yopmail.com
555,Rani,Gastroenterology,Rani@yopmail.com
556,Tera,Dermatology,Tera@yopmail.com
557,Edith,Psychiatry,Edith@yopmail.com
558,Dorthy,Pediatrics,Dorthy@yopmail.com
559,Gerianna,Pulmonologists,Gerianna@yopmail.com
560,Carilyn,Allergists,Carilyn@yopmail.com
561,Zondra,Radiology,Zondra@yopmail.com
562,Nita,Geriatrician,Nita@yopmail.com
563,Bobbi,Oncologist,Bobbi@yopmail.com
564,Ninnetta,Pulmonologists,Ninnetta@yopmail.com
565,Lynde,Radiology,Lynde@yopmail.com
566,Vanessa,Internists,Vanessa@yopmail.com
567,Pamella,Nephrology,Pamella@yopmail.com
568,Henriette,Endocrinologist,Henriette@yopmail.com
569,Zia,Ophthalmology,Zia@yopmail.com
570,Blondelle,Endocrinologist,Blondelle@yopmail.com
571,Mureil,Endocrinologist,Mureil@yopmail.com
572,Gui,Allergists,Gui@yopmail.com
573,Riannon,Allergists,Riannon@yopmail.com
574,Nerta,Ophthalmology,Nerta@yopmail.com
575,Tierney,Cardiology,Tierney@yopmail.com
576,Janis,Nephrology,Janis@yopmail.com
577,Nerta,Gastroenterology,Nerta@yopmail.com
578,Rosanne,Geriatrician,Rosanne@yopmail.com
579,Adriana,Ophthalmology,Adriana@yopmail.com
580,Fernande,Ophthalmology,Fernande@yopmail.com
581,Josephine,Emergency Medicine,Josephine@yopmail.com
582,Addia,Surgery,Addia@yopmail.com
583,Verla,Emergency Medicine,Verla@yopmail.com
584,Britte,Neurology,Britte@yopmail.com
585,Sophia,Nephrology,Sophia@yopmail.com
586,Glenda,Neurology,Glenda@yopmail.com
587,Arabel,Pediatrics,Arabel@yopmail.com
588,Rivalee,Nephrology,Rivalee@yopmail.com
589,Ricky,Infectious disease,Ricky@yopmail.com
590,Lolita,Nephrology,Lolita@yopmail.com
591,Sarette,Neurology,Sarette@yopmail.com
592,Grier,Allergists,Grier@yopmail.com
593,Roxane,Allergists,Roxane@yopmail.com
594,Myriam,Cardiology,Myriam@yopmail.com
595,Lindie,Emergency Medicine,Lindie@yopmail.com
596,Bobinette,Oncologist,Bobinette@yopmail.com
597,Calla,Hospice and Palliative Care,Calla@yopmail.com
598,Estell,Geriatrician,Estell@yopmail.com
599,Moyna,Infectious disease,Moyna@yopmail.com
600,Ofilia,Pulmonologists,Ofilia@yopmail.com
601,Selia,Dermatology,Selia@yopmail.com
602,Michaelina,Dermatology,Michaelina@yopmail.com
603,Shel,Ophthalmology,Shel@yopmail.com
604,Gretal,Neurology,Gretal@yopmail.com
605,Cacilie,Family Medicine,Cacilie@yopmail.com
606,Nita,Family Medicine,Nita@yopmail.com
607,Isa,Obstetric Anesthesiologists,Isa@yopmail.com
608,Verla,Neurology,Verla@yopmail.com
609,Dotty,Cardiology,Dotty@yopmail.com
610,Ofilia,Endocrinologist,Ofilia@yopmail.com
611,Gabriellia,Internists,Gabriellia@yopmail.com
612,Candi,Dermatology,Candi@yopmail.com
613,Corene,Oncologist,Corene@yopmail.com
614,Tiffie,Otolaryngologists,Tiffie@yopmail.com
615,Correy,Internists,Correy@yopmail.com
616,Giustina,Radiology,Giustina@yopmail.com
617,Lorie,Ophthalmology,Lorie@yopmail.com
618,Adore,Anesthesiology,Adore@yopmail.com
619,Cyndie,Cardiology,Cyndie@yopmail.com
620,Glenda,Allergists,Glenda@yopmail.com
621,Tera,Pulmonologists,Tera@yopmail.com
622,Emma,Psychiatry,Emma@yopmail.com
623,Ricky,Obstetric Anesthesiologists,Ricky@yopmail.com
624,Addia,Obstetric Anesthesiologists,Addia@yopmail.com
625,Tersina,Neurology,Tersina@yopmail.com
626,Camile,Oncologist,Camile@yopmail.com
627,Flory,Allergists,Flory@yopmail.com
628,Karena,Pulmonologists,Karena@yopmail.com
629,Chere,Geriatrician,Chere@yopmail.com
630,Juliane,Dermatology,Juliane@yopmail.com
631,Claresta,Oncologist,Claresta@yopmail.com
632,Jaime,Endocrinologist,Jaime@yopmail.com
633,Jinny,Infectious disease,Jinny@yopmail.com
634,Ericka,Critical Care Medicine,Ericka@yopmail.com
635,Maud,Allergists,Maud@yopmail.com
636,Liana,Internists,Liana@yopmail.com
637,Stacey,Anesthesiology,Stacey@yopmail.com
638,Lacie,Internists,Lacie@yopmail.com
639,Rhea,Anesthesiology,Rhea@yopmail.com
640,Rebeca,Critical Care Medicine,Rebeca@yopmail.com
641,Maridel,Allergists,Maridel@yopmail.com
642,Leontine,Infectious disease,Leontine@yopmail.com
643,Suzette,Cardiology,Suzette@yopmail.com
644,Lanna,Internists,Lanna@yopmail.com
645,Nataline,Emergency Medicine,Nataline@yopmail.com
646,Annora,Radiology,Annora@yopmail.com
647,Sheelagh,Ophthalmology,Sheelagh@yopmail.com
648,Zsa Zsa,Oncologist,Zsa Zsa@yopmail.com
649,Ira,Otolaryngologists,Ira@yopmail.com
650,Mureil,Surgery,Mureil@yopmail.com
651,Gusella,Neurology,Gusella@yopmail.com
652,Ricky,Anesthesiology,Ricky@yopmail.com
653,Catrina,Hospice and Palliative Care,Catrina@yopmail.com
654,Priscilla,Obstetric Anesthesiologists,Priscilla@yopmail.com
655,Wynne,Psychiatry,Wynne@yopmail.com
656,Ronna,Pediatrics,Ronna@yopmail.com
657,Sadie,Oncologist,Sadie@yopmail.com
658,Kirstin,Surgery,Kirstin@yopmail.com
659,Jerry,Critical Care Medicine,Jerry@yopmail.com
660,Latisha,Pediatrics,Latisha@yopmail.com
661,Rayna,Otolaryngologists,Rayna@yopmail.com
662,Alejandra,Internists,Alejandra@yopmail.com
663,Frank,Internists,Frank@yopmail.com
664,Amara,Psychiatry,Amara@yopmail.com
665,Sharai,Geriatrician,Sharai@yopmail.com
666,Evita,Surgery,Evita@yopmail.com
667,Lolita,Obstetric Anesthesiologists,Lolita@yopmail.com
668,Edith,Surgery,Edith@yopmail.com
669,Gloria,Endocrinologist,Gloria@yopmail.com
670,Orsola,Pediatrics,Orsola@yopmail.com
671,Berta,Radiology,Berta@yopmail.com
672,Marti,Geriatrician,Marti@yopmail.com
673,Hyacinthe,Allergists,Hyacinthe@yopmail.com
674,Jean,Endocrinologist,Jean@yopmail.com
675,Kary,Radiology,Kary@yopmail.com
676,Nickie,Surgery,Nickie@yopmail.com
677,Charmaine,Obstetric Anesthesiologists,Charmaine@yopmail.com
678,Tersina,Pediatrics,Tersina@yopmail.com
679,Sidoney,Radiology,Sidoney@yopmail.com
680,Sidoney,Otolaryngologists,Sidoney@yopmail.com
681,Hettie,Oncologist,Hettie@yopmail.com
682,Demetris,Emergency Medicine,Demetris@yopmail.com
683,Nelle,Endocrinologist,Nelle@yopmail.com
684,Daryl,Internists,Daryl@yopmail.com
685,Agathe,Pulmonologists,Agathe@yopmail.com
686,Halette,Dermatology,Halette@yopmail.com
687,Tierney,Ophthalmology,Tierney@yopmail.com
688,Roxane,Endocrinologist,Roxane@yopmail.com
689,Gavrielle,Endocrinologist,Gavrielle@yopmail.com
690,Evaleen,Obstetric Anesthesiologists,Evaleen@yopmail.com
691,Sara-Ann,Otolaryngologists,Sara-Ann@yopmail.com
692,Liana,Otolaryngologists,Liana@yopmail.com
693,Ida,Family Medicine,Ida@yopmail.com
694,Bertine,Infectious disease,Bertine@yopmail.com
695,Ezmeralda,Neurology,Ezmeralda@yopmail.com
696,Ada,Surgery,Ada@yopmail.com
697,Sam,Hospice and Palliative Care,Sam@yopmail.com
698,Chrystel,Ophthalmology,Chrystel@yopmail.com
699,Brana,Nephrology,Brana@yopmail.com
700,Lory,Surgery,Lory@yopmail.com
701,Carilyn,Dermatology,Carilyn@yopmail.com
702,Karly,Endocrinologist,Karly@yopmail.com
703,Dorene,Emergency Medicine,Dorene@yopmail.com
704,Karlee,Otolaryngologists,Karlee@yopmail.com
705,Annora,Cardiology,Annora@yopmail.com
706,Penelopa,Hospice and Palliative Care,Penelopa@yopmail.com
707,Vonny,Allergists,Vonny@yopmail.com
708,Jacquetta,Psychiatry,Jacquetta@yopmail.com
709,Eolanda,Allergists,Eolanda@yopmail.com
710,Lacie,Infectious disease,Lacie@yopmail.com
711,Belinda,Gastroenterology,Belinda@yopmail.com
712,Maryellen,Family Medicine,Maryellen@yopmail.com
713,Addia,Endocrinologist,Addia@yopmail.com
714,Roberta,Otolaryngologists,Roberta@yopmail.com
715,Queenie,Anesthesiology,Queenie@yopmail.com
716,Beverley,Anesthesiology,Beverley@yopmail.com
717,Glynnis,Neurology,Glynnis@yopmail.com
718,Susan,Internists,Susan@yopmail.com
719,Darlleen,Cardiology,Darlleen@yopmail.com
720,Joeann,Nephrology,Joeann@yopmail.com
721,Cassondra,Endocrinologist,Cassondra@yopmail.com
722,Donetta,Emergency Medicine,Donetta@yopmail.com
723,Jinny,Emergency Medicine,Jinny@yopmail.com
724,Blondelle,Gastroenterology,Blondelle@yopmail.com
725,Lila,Surgery,Lila@yopmail.com
726,Jessy,Endocrinologist,Jessy@yopmail.com
727,Sybille,Pediatrics,Sybille@yopmail.com
728,Justinn,Psychiatry,Justinn@yopmail.com
729,Kara-Lynn,Radiology,Kara-Lynn@yopmail.com
730,Mariele,Ophthalmology,Mariele@yopmail.com
731,Jeanna,Critical Care Medicine,Jeanna@yopmail.com
732,Flo,Oncologist,Flo@yopmail.com
733,Jsandye,Geriatrician,Jsandye@yopmail.com
734,Quintina,Ophthalmology,Quintina@yopmail.com
735,Constance,Dermatology,Constance@yopmail.com
736,Pierette,Gastroenterology,Pierette@yopmail.com
737,Barbi,Oncologist,Barbi@yopmail.com
738,Molli,Hospice and Palliative Care,Molli@yopmail.com
739,Jolyn,Internists,Jolyn@yopmail.com
740,Renie,Nephrology,Renie@yopmail.com
741,Andeee,Surgery,Andeee@yopmail.com
742,Magdalena,Surgery,Magdalena@yopmail.com
743,Georgetta,Hospice and Palliative Care,Georgetta@yopmail.com
744,Lita,Otolaryngologists,Lita@yopmail.com
745,Fayre,Ophthalmology,Fayre@yopmail.com
746,Nollie,Endocrinologist,Nollie@yopmail.com
747,Lindie,Hospice and Palliative Care,Lindie@yopmail.com
748,Mary,Family Medicine,Mary@yopmail.com
749,Reeba,Geriatrician,Reeba@yopmail.com
750,Tera,Nephrology,Tera@yopmail.com
751,Marylou,Internists,Marylou@yopmail.com
752,Netty,Neurology,Netty@yopmail.com
753,Danny,Otolaryngologists,Danny@yopmail.com
754,Patricia,Cardiology,Patricia@yopmail.com
755,Danny,Ophthalmology,Danny@yopmail.com
756,Riannon,Pulmonologists,Riannon@yopmail.com
757,Myrtice,Geriatrician,Myrtice@yopmail.com
758,Louella,Anesthesiology,Louella@yopmail.com
759,Danika,Infectious disease,Danika@yopmail.com
760,Elka,Infectious disease,Elka@yopmail.com
761,Norine,Radiology,Norine@yopmail.com
762,Esmeralda,Psychiatry,Esmeralda@yopmail.com
763,Ketti,Infectious disease,Ketti@yopmail.com
764,Deirdre,Neurology,Deirdre@yopmail.com
765,Rhea,Cardiology,Rhea@yopmail.com
766,Kara-Lynn,Infectious disease,Kara-Lynn@yopmail.com
767,Damaris,Neurology,Damaris@yopmail.com
768,Giustina,Nephrology,Giustina@yopmail.com
769,Shannah,Allergists,Shannah@yopmail.com
770,Shannah,Cardiology,Shannah@yopmail.com
771,Darlleen,Emergency Medicine,Darlleen@yopmail.com
772,Albertina,Otolaryngologists,Albertina@yopmail.com
773,Gusella,Pulmonologists,Gusella@yopmail.com
774,Shel,Psychiatry,Shel@yopmail.com
775,Priscilla,Anesthesiology,Priscilla@yopmail.com
776,Dorice,Otolaryngologists,Dorice@yopmail.com
777,Melodie,Endocrinologist,Melodie@yopmail.com
778,Oralee,Surgery,Oralee@yopmail.com
779,Bobbi,Allergists,Bobbi@yopmail.com
780,Leontine,Family Medicine,Leontine@yopmail.com
781,Dari,Dermatology,Dari@yopmail.com
782,Arlena,Family Medicine,Arlena@yopmail.com
783,Annecorinne,Pulmonologists,Annecorinne@yopmail.com
784,Cassondra,Endocrinologist,Cassondra@yopmail.com
785,Cecile,Internists,Cecile@yopmail.com
786,Kalina,Obstetric Anesthesiologists,Kalina@yopmail.com
787,Catharine,Dermatology,Catharine@yopmail.com
788,Dale,Anesthesiology,Dale@yopmail.com
789,Tani,Geriatrician,Tani@yopmail.com
790,Ardeen,Neurology,Ardeen@yopmail.com
791,Rivalee,Psychiatry,Rivalee@yopmail.com
792,Tomasina,Surgery,Tomasina@yopmail.com
793,Wileen,Nephrology,Wileen@yopmail.com
794,Petronia,Anesthesiology,Petronia@yopmail.com
795,Helena,Family Medicine,Helena@yopmail.com
796,Jsandye,Gastroenterology,Jsandye@yopmail.com
797,Alejandra,Critical Care Medicine,Alejandra@yopmail.com
798,Michaelina,Pulmonologists,Michaelina@yopmail.com
799,Cathyleen,Psychiatry,Cathyleen@yopmail.com
800,Ezmeralda,Anesthesiology,Ezmeralda@yopmail.com
801,Rubie,Allergists,Rubie@yopmail.com
802,Cyndie,Oncologist,Cyndie@yopmail.com
803,Anallese,Otolaryngologists,Anallese@yopmail.com
804,Anestassia,Obstetric Anesthesiologists,Anestassia@yopmail.com
805,Judy,Endocrinologist,Judy@yopmail.com
806,Leona,Gastroenterology,Leona@yopmail.com
807,Larine,Pediatrics,Larine@yopmail.com
808,Dorthy,Geriatrician,Dorthy@yopmail.com
809,Josephine,Pediatrics,Josephine@yopmail.com
810,Nananne,Surgery,Nananne@yopmail.com
811,Briney,Emergency Medicine,Briney@yopmail.com
812,Clarice,Dermatology,Clarice@yopmail.com
813,Tabbatha,Oncologist,Tabbatha@yopmail.com
814,Chrystel,Anesthesiology,Chrystel@yopmail.com
815,Deloria,Otolaryngologists,Deloria@yopmail.com
816,Loree,Anesthesiology,Loree@yopmail.com
817,Elsie,Internists,Elsie@yopmail.com
818,Kellen,Pediatrics,Kellen@yopmail.com
819,Chastity,Otolaryngologists,Chastity@yopmail.com
820,Maryellen,Oncologist,Maryellen@yopmail.com
821,Abbie,Anesthesiology,Abbie@yopmail.com
822,Arlena,Allergists,Arlena@yopmail.com
823,Lucy,Geriatrician,Lucy@yopmail.com
824,Nerta,Geriatrician,Nerta@yopmail.com
825,Flory,Obstetric Anesthesiologists,Flory@yopmail.com
826,Elora,Radiology,Elora@yopmail.com
827,Tilly,Ophthalmology,Tilly@yopmail.com
828,Marcelline,Dermatology,Marcelline@yopmail.com
829,Karena,Dermatology,Karena@yopmail.com
830,Tilly,Obstetric Anesthesiologists,Tilly@yopmail.com
831,Amii,Emergency Medicine,Amii@yopmail.com
832,Danny,Allergists,Danny@yopmail.com
833,Asia,Emergency Medicine,Asia@yopmail.com
834,Kore,Infectious disease,Kore@yopmail.com
835,Elbertina,Psychiatry,Elbertina@yopmail.com
836,Shauna,Surgery,Shauna@yopmail.com
837,Vinita,Psychiatry,Vinita@yopmail.com
838,Belva,Otolaryngologists,Belva@yopmail.com
839,Dorene,Geriatrician,Dorene@yopmail.com
840,Chere,Internists,Chere@yopmail.com
841,Bill,Hospice and Palliative Care,Bill@yopmail.com
842,Tersina,Critical Care Medicine,Tersina@yopmail.com
843,Lanae,Oncologist,Lanae@yopmail.com
844,Felice,Infectious disease,Felice@yopmail.com
845,Margette,Surgery,Margette@yopmail.com
846,Renie,Endocrinologist,Renie@yopmail.com
847,Dorene,Cardiology,Dorene@yopmail.com
848,Lorenza,Ophthalmology,Lorenza@yopmail.com
849,Alex,Internists,Alex@yopmail.com
850,Mariann,Obstetric Anesthesiologists,Mariann@yopmail.com
851,Elie,Pulmonologists,Elie@yopmail.com
852,Ericka,Dermatology,Ericka@yopmail.com
853,Elmira,Oncologist,Elmira@yopmail.com
854,Doro,Anesthesiology,Doro@yopmail.com
855,Aigneis,Cardiology,Aigneis@yopmail.com
856,Laure,Cardiology,Laure@yopmail.com
857,Ardenia,Pediatrics,Ardenia@yopmail.com
858,Lenna,Emergency Medicine,Lenna@yopmail.com
859,Imojean,Family Medicine,Imojean@yopmail.com
860,Alex,Surgery,Alex@yopmail.com
861,Micheline,Ophthalmology,Micheline@yopmail.com
862,Deedee,Surgery,Deedee@yopmail.com
863,Fred,Surgery,Fred@yopmail.com
864,Lanna,Cardiology,Lanna@yopmail.com
865,Natka,Neurology,Natka@yopmail.com
866,Corene,Otolaryngologists,Corene@yopmail.com
867,Aurelie,Gastroenterology,Aurelie@yopmail.com
868,Oona,Ophthalmology,Oona@yopmail.com
869,Silvana,Allergists,Silvana@yopmail.com
870,Stephanie,Nephrology,Stephanie@yopmail.com
871,Anthia,Endocrinologist,Anthia@yopmail.com
872,Elie,Endocrinologist,Elie@yopmail.com
873,Jerry,Psychiatry,Jerry@yopmail.com
874,Merrie,Pediatrics,Merrie@yopmail.com
875,Alyssa,Geriatrician,Alyssa@yopmail.com
876,Almeta,Allergists,Almeta@yopmail.com
877,Joeann,Radiology,Joeann@yopmail.com
878,Sallie,Otolaryngologists,Sallie@yopmail.com
879,Corene,Internists,Corene@yopmail.com
880,Talya,Surgery,Talya@yopmail.com
881,Gratia,Cardiology,Gratia@yopmail.com
882,Mallory,Hospice and Palliative Care,Mallory@yopmail.com
883,Caritta,Allergists,Caritta@yopmail.com
884,Karlee,Internists,Karlee@yopmail.com
885,Jaclyn,Dermatology,Jaclyn@yopmail.com
886,Sam,Dermatology,Sam@yopmail.com
887,Phylis,Gastroenterology,Phylis@yopmail.com
888,Lucy,Ophthalmology,Lucy@yopmail.com
889,Aili,Emergency Medicine,Aili@yopmail.com
890,Gabi,Ophthalmology,Gabi@yopmail.com
891,Tarra,Psychiatry,Tarra@yopmail.com
892,Carolina,Infectious disease,Carolina@yopmail.com
893,Vere,Geriatrician,Vere@yopmail.com
894,Elfreda,Obstetric Anesthesiologists,Elfreda@yopmail.com
895,Mady,Geriatrician,Mady@yopmail.com
896,Olivette,Emergency Medicine,Olivette@yopmail.com
897,Marinna,Emergency Medicine,Marinna@yopmail.com
898,Noelle,Geriatrician,Noelle@yopmail.com
899,Verla,Psychiatry,Verla@yopmail.com
900,Deloria,Radiology,Deloria@yopmail.com
901,Annice,Psychiatry,Annice@yopmail.com
902,Collen,Surgery,Collen@yopmail.com
903,Aaren,Surgery,Aaren@yopmail.com
904,Carmela,Pediatrics,Carmela@yopmail.com
905,Cacilie,Otolaryngologists,Cacilie@yopmail.com
906,Magdalena,Pediatrics,Magdalena@yopmail.com
907,Joeann,Otolaryngologists,Joeann@yopmail.com
908,Wendi,Family Medicine,Wendi@yopmail.com
909,Valera,Geriatrician,Valera@yopmail.com
910,Edyth,Neurology,Edyth@yopmail.com
911,Cordi,Surgery,Cordi@yopmail.com
912,Daryl,Psychiatry,Daryl@yopmail.com
913,Glenda,Geriatrician,Glenda@yopmail.com
914,Olivette,Endocrinologist,Olivette@yopmail.com
915,Carmencita,Pediatrics,Carmencita@yopmail.com
916,Pollyanna,Pulmonologists,Pollyanna@yopmail.com
917,Danika,Surgery,Danika@yopmail.com
918,Riannon,Anesthesiology,Riannon@yopmail.com
919,Kellen,Critical Care Medicine,Kellen@yopmail.com
920,Leontine,Radiology,Leontine@yopmail.com
921,Gabriellia,Emergency Medicine,Gabriellia@yopmail.com
922,Shaylyn,Emergency Medicine,Shaylyn@yopmail.com
923,Chickie,Internists,Chickie@yopmail.com
924,Fina,Geriatrician,Fina@yopmail.com
925,Chickie,Infectious disease,Chickie@yopmail.com
926,Tomasina,Allergists,Tomasina@yopmail.com
927,Reeba,Surgery,Reeba@yopmail.com
928,Belinda,Internists,Belinda@yopmail.com
929,Demetris,Emergency Medicine,Demetris@yopmail.com
930,Aryn,Obstetric Anesthesiologists,Aryn@yopmail.com
931,Sam,Nephrology,Sam@yopmail.com
932,Marita,Surgery,Marita@yopmail.com
933,Kellen,Endocrinologist,Kellen@yopmail.com
934,Roz,Neurology,Roz@yopmail.com
935,Elise,Family Medicine,Elise@yopmail.com
936,Jobi,Pulmonologists,Jobi@yopmail.com
937,Nollie,Ophthalmology,Nollie@yopmail.com
938,Rosaline,Pediatrics,Rosaline@yopmail.com
939,Mallory,Hospice and Palliative Care,Mallory@yopmail.com
940,Shel,Cardiology,Shel@yopmail.com
941,Oona,Family Medicine,Oona@yopmail.com
942,Joelly,Gastroenterology,Joelly@yopmail.com
943,Maud,Gastroenterology,Maud@yopmail.com
944,Roseline,Pulmonologists,Roseline@yopmail.com
945,Karena,Psychiatry,Karena@yopmail.com
946,Allis,Neurology,Allis@yopmail.com
947,Cecile,Emergency Medicine,Cecile@yopmail.com
948,Nelle,Otolaryngologists,Nelle@yopmail.com
949,Christy,Endocrinologist,Christy@yopmail.com
950,Fredericka,Family Medicine,Fredericka@yopmail.com
951,Nollie,Emergency Medicine,Nollie@yopmail.com
952,Althea,Gastroenterology,Althea@yopmail.com
953,Dorice,Allergists,Dorice@yopmail.com
954,Frances,Gastroenterology,Frances@yopmail.com
955,Doralynne,Neurology,Doralynne@yopmail.com
956,Codie,Otolaryngologists,Codie@yopmail.com
957,Di,Emergency Medicine,Di@yopmail.com
958,Isa,Ophthalmology,Isa@yopmail.com
959,Margalo,Pediatrics,Margalo@yopmail.com
960,Georgina,Obstetric Anesthesiologists,Georgina@yopmail.com
961,Dolli,Endocrinologist,Dolli@yopmail.com
962,Karly,Internists,Karly@yopmail.com
963,Emma,Critical Care Medicine,Emma@yopmail.com
964,Mamie,Pediatrics,Mamie@yopmail.com
965,Jean,Otolaryngologists,Jean@yopmail.com
966,Consuela,Oncologist,Consuela@yopmail.com
967,Fidelia,Nephrology,Fidelia@yopmail.com
968,Caritta,Surgery,Caritta@yopmail.com
969,Helsa,Critical Care Medicine,Helsa@yopmail.com
970,Carly,Emergency Medicine,Carly@yopmail.com
971,Dulcinea,Pediatrics,Dulcinea@yopmail.com
972,Coral,Anesthesiology,Coral@yopmail.com
973,Tori,Oncologist,Tori@yopmail.com
974,Beth,Psychiatry,Beth@yopmail.com
975,Sindee,Anesthesiology,Sindee@yopmail.com
976,Marnia,Infectious disease,Marnia@yopmail.com
977,Rosabelle,Pulmonologists,Rosabelle@yopmail.com
978,Chastity,Geriatrician,Chastity@yopmail.com
979,Christal,Oncologist,Christal@yopmail.com
980,Lindie,Nephrology,Lindie@yopmail.com
981,Steffane,Allergists,Steffane@yopmail.com
982,Cathie,Allergists,Cathie@yopmail.com
983,Lucille,Internists,Lucille@yopmail.com
984,Roseline,Pediatrics,Roseline@yopmail.com
985,Nadine,Nephrology,Nadine@yopmail.com
986,Christy,Nephrology,Christy@yopmail.com
987,Adore,Endocrinologist,Adore@yopmail.com
988,Chickie,Emergency Medicine,Chickie@yopmail.com
989,Elvira,Endocrinologist,Elvira@yopmail.com
990,Celene,Pulmonologists,Celene@yopmail.com
991,Gretal,Oncologist,Gretal@yopmail.com
992,Shandie,Oncologist,Shandie@yopmail.com
993,Nikki,Psychiatry,Nikki@yopmail.com
994,Kimberley,Internists,Kimberley@yopmail.com
995,Andeee,Hospice and Palliative Care,Andeee@yopmail.com
996,Melanie,Oncologist,Melanie@yopmail.com
997,Cam,Internists,Cam@yopmail.com
998,Charmaine,Allergists,Charmaine@yopmail.com
999,Lanna,Hospice and Palliative Care,Lanna@yopmail.com
1000,Corina,Oncologist,Corina@yopmail.com
